{"stats":{"minecraft:dropped":{"javaproject:raw_alexandrite":384,"minecraft:ender_pearl":2,"javaproject:alexandrite":326,"minecraft:arrow":1,"minecraft:bone":2},"minecraft:picked_up":{"minecraft:feather":5,"minecraft:chicken":6,"minecraft:stone_button":7,"javaproject:raw_alexandrite":512,"minecraft:dirt":16,"minecraft:string":1,"javaproject:alexandrite":390,"minecraft:tnt":1,"minecraft:bone":4,"minecraft:arrow":2,"minecraft:rotten_flesh":2,"minecraft:iron_golem_spawn_egg":1,"minecraft:iron_ingot":38,"javaproject:alexandrite_block":64,"minecraft:poppy":7,"minecraft:light_gray_wool":1,"minecraft:black_wool":1,"minecraft:mutton":16,"minecraft:white_wool":8,"minecraft:egg":2,"minecraft:ender_pearl":4},"minecraft:custom":{"minecraft:time_since_rest":2553,"minecraft:sprint_one_cm":49680,"minecraft:walk_one_cm":53694,"minecraft:mob_kills":44,"minecraft:drop":652,"minecraft:damage_dealt":17540,"minecraft:fly_one_cm":262939,"minecraft:crouch_one_cm":441,"minecraft:play_time":27090,"minecraft:deaths":1,"minecraft:sneak_time":827,"minecraft:jump":393,"minecraft:leave_game":6,"minecraft:time_since_death":2516,"minecraft:total_world_time":27500},"minecraft:used":{"minecraft:ender_eye":24,"javaproject:alexandrite_block":169,"minecraft:stone_button":13,"minecraft:iron_golem_spawn_egg":55,"minecraft:tnt":57,"javaproject:raw_alexandrite_block":1,"minecraft:end_portal_frame":49},"minecraft:killed":{"minecraft:sheep":17,"minecraft:skeleton":1,"minecraft:chicken":6,"minecraft:iron_golem":14,"minecraft:ender_dragon":1,"minecraft:creeper":1,"minecraft:enderman":4}},"DataVersion":3953}